-- SUKHON_TRACK_BACKUP v1
-- Database: sukhon_track
-- Generated at: 2026-04-07T14:33:02+07:00

SET NAMES utf8mb4;
SET time_zone = '+00:00';
SET FOREIGN_KEY_CHECKS=0;

-- USE `sukhon_track`;

-- ----------------------------
-- Table structure for `activity_logs`
-- ----------------------------
DROP TABLE IF EXISTS `activity_logs`;
CREATE TABLE `activity_logs` (
  `id` bigint(20) unsigned NOT NULL AUTO_INCREMENT,
  `created_at` timestamp NOT NULL DEFAULT current_timestamp(),
  `user_id` int(10) unsigned DEFAULT NULL,
  `username` varchar(50) NOT NULL DEFAULT '',
  `role` varchar(20) NOT NULL DEFAULT '',
  `ip` varchar(45) NOT NULL DEFAULT '',
  `method` varchar(10) NOT NULL DEFAULT '',
  `route` varchar(80) NOT NULL DEFAULT '',
  `event` varchar(80) NOT NULL DEFAULT '',
  `message` varchar(255) NOT NULL DEFAULT '',
  `context_json` longtext DEFAULT NULL,
  `user_agent` varchar(255) NOT NULL DEFAULT '',
  PRIMARY KEY (`id`),
  KEY `idx_activity_created` (`created_at`),
  KEY `idx_activity_user` (`user_id`),
  KEY `idx_activity_route` (`route`),
  KEY `idx_activity_event` (`event`)
) ENGINE=InnoDB AUTO_INCREMENT=8 DEFAULT CHARSET=utf8mb4 COLLATE=utf8mb4_general_ci;

-- ----------------------------
-- Records of `activity_logs`
-- ----------------------------
INSERT INTO `activity_logs` (`id`, `created_at`, `user_id`, `username`, `role`, `ip`, `method`, `route`, `event`, `message`, `context_json`, `user_agent`) VALUES
(1, '2026-04-07 14:22:50', NULL, '', '', '::1', 'POST', 'login', 'post_action', 'action=login', '{\"route\":\"login\",\"action\":\"login\",\"path\":\"\\/tracks\\/?route=login\"}', 'Mozilla/5.0 (Windows NT 10.0; Win64; x64) AppleWebKit/537.36 (KHTML, like Gecko) Chrome/146.0.0.0 Safari/537.36 Edg/146.0.0.0'),
(2, '2026-04-07 14:22:50', NULL, '', '', '::1', 'POST', 'login', 'login_failed', '', '{\"username\":\"das\",\"ip\":\"::1\"}', 'Mozilla/5.0 (Windows NT 10.0; Win64; x64) AppleWebKit/537.36 (KHTML, like Gecko) Chrome/146.0.0.0 Safari/537.36 Edg/146.0.0.0'),
(3, '2026-04-07 14:22:53', NULL, '', '', '::1', 'POST', 'login', 'post_action', 'action=login', '{\"route\":\"login\",\"action\":\"login\",\"path\":\"\\/tracks\\/?route=login\"}', 'Mozilla/5.0 (Windows NT 10.0; Win64; x64) AppleWebKit/537.36 (KHTML, like Gecko) Chrome/146.0.0.0 Safari/537.36 Edg/146.0.0.0'),
(4, '2026-04-07 14:22:53', NULL, '', '', '::1', 'POST', 'login', 'login_failed', '', '{\"username\":\"asd\",\"ip\":\"::1\"}', 'Mozilla/5.0 (Windows NT 10.0; Win64; x64) AppleWebKit/537.36 (KHTML, like Gecko) Chrome/146.0.0.0 Safari/537.36 Edg/146.0.0.0'),
(5, '2026-04-07 14:24:10', NULL, '', '', '::1', 'POST', 'login', 'post_action', 'action=login', '{\"route\":\"login\",\"action\":\"login\",\"path\":\"\\/tracks\\/?route=login\"}', 'Mozilla/5.0 (Windows NT 10.0; Win64; x64) AppleWebKit/537.36 (KHTML, like Gecko) Chrome/146.0.0.0 Safari/537.36 Edg/146.0.0.0'),
(6, '2026-04-07 14:24:10', NULL, '', '', '::1', 'POST', 'login', 'login_failed', '', '{\"username\":\"asd\",\"ip\":\"::1\",\"remaining_attempts\":3,\"fail_count\":2,\"max_attempts\":5}', 'Mozilla/5.0 (Windows NT 10.0; Win64; x64) AppleWebKit/537.36 (KHTML, like Gecko) Chrome/146.0.0.0 Safari/537.36 Edg/146.0.0.0'),
(7, '2026-04-07 14:33:02', 1, 'admin', 'admin', '::1', 'POST', 'backup_restore', 'post_action', 'action=create_backup', '{\"route\":\"backup_restore\",\"action\":\"create_backup\",\"path\":\"\\/tracks\\/?route=backup_restore\"}', 'Mozilla/5.0 (Windows NT 10.0; Win64; x64) AppleWebKit/537.36 (KHTML, like Gecko) Chrome/146.0.0.0 Safari/537.36 Edg/146.0.0.0');

-- ----------------------------
-- Table structure for `auth_login_throttle`
-- ----------------------------
DROP TABLE IF EXISTS `auth_login_throttle`;
CREATE TABLE `auth_login_throttle` (
  `id` bigint(20) unsigned NOT NULL AUTO_INCREMENT,
  `username` varchar(50) NOT NULL,
  `ip` varchar(45) NOT NULL,
  `fail_count` int(10) unsigned NOT NULL DEFAULT 0,
  `first_fail_at` timestamp NULL DEFAULT NULL,
  `last_fail_at` timestamp NULL DEFAULT NULL,
  `locked_until` timestamp NULL DEFAULT NULL,
  `updated_at` timestamp NULL DEFAULT NULL ON UPDATE current_timestamp(),
  `created_at` timestamp NOT NULL DEFAULT current_timestamp(),
  PRIMARY KEY (`id`),
  UNIQUE KEY `uq_auth_login_throttle` (`username`,`ip`),
  KEY `idx_auth_locked_until` (`locked_until`),
  KEY `idx_auth_last_fail` (`last_fail_at`)
) ENGINE=InnoDB AUTO_INCREMENT=3 DEFAULT CHARSET=utf8mb4 COLLATE=utf8mb4_general_ci;

-- ----------------------------
-- Records of `auth_login_throttle`
-- ----------------------------
INSERT INTO `auth_login_throttle` (`id`, `username`, `ip`, `fail_count`, `first_fail_at`, `last_fail_at`, `locked_until`, `updated_at`, `created_at`) VALUES
(1, 'das', '::1', 1, '2026-04-07 14:22:50', '2026-04-07 14:22:50', NULL, NULL, '2026-04-07 14:22:50'),
(2, 'asd', '::1', 2, '2026-04-07 14:22:53', '2026-04-07 14:24:10', NULL, '2026-04-07 14:24:10', '2026-04-07 14:22:53');

-- ----------------------------
-- Table structure for `report_settings`
-- ----------------------------
DROP TABLE IF EXISTS `report_settings`;
CREATE TABLE `report_settings` (
  `id` tinyint(3) unsigned NOT NULL,
  `school_name` varchar(255) NOT NULL DEFAULT '',
  `logo_path` varchar(255) NOT NULL DEFAULT '',
  `updated_at` timestamp NOT NULL DEFAULT current_timestamp() ON UPDATE current_timestamp(),
  `advisor_name` varchar(255) NOT NULL DEFAULT '',
  `registrar_name` varchar(255) NOT NULL DEFAULT '',
  `director_name` varchar(255) NOT NULL DEFAULT '',
  `advisor_sign_path` varchar(255) NOT NULL DEFAULT '',
  `registrar_sign_path` varchar(255) NOT NULL DEFAULT '',
  `director_sign_path` varchar(255) NOT NULL DEFAULT '',
  `issued_date` varchar(10) NOT NULL DEFAULT '',
  PRIMARY KEY (`id`)
) ENGINE=InnoDB DEFAULT CHARSET=utf8mb4 COLLATE=utf8mb4_general_ci;

-- ----------------------------
-- Records of `report_settings`
-- ----------------------------
INSERT INTO `report_settings` (`id`, `school_name`, `logo_path`, `updated_at`, `advisor_name`, `registrar_name`, `director_name`, `advisor_sign_path`, `registrar_sign_path`, `director_sign_path`, `issued_date`) VALUES
(1, 'Ó╣éÓĖŻÓĖćÓ╣ĆÓĖŻÓĖĄÓĖóÓĖÖÓĖ¬ÓĖĖÓĖäÓĖÖÓĖśÓĖĄÓĖŻÓĖ¦ÓĖ┤ÓĖŚÓĖóÓ╣ī', 'uploads/school_logo.png', '2026-02-04 10:19:41', '', 'ÓĖÖÓĖ▓ÓĖóÓĖ×ÓĖŻÓĖ×ÓĖłÓĖÖÓ╣ī ÓĖ×ÓĖżÓĖüÓĖ®ÓĖ▓ÓĖÖÓĖ▒ÓĖÖÓĖŚÓ╣ī', 'ÓĖÖÓĖ▓ÓĖóÓĖĪÓĖÖÓĖĢÓ╣īÓĖŖÓĖ▒ÓĖÖ ÓĖĪÓĖ▒Ó╣łÓĖÖÓĖ¦ÓĖ©ÓĖ┤ÓĖÖ', '', '', '', '');

-- ----------------------------
-- Table structure for `track_class_advisors`
-- ----------------------------
DROP TABLE IF EXISTS `track_class_advisors`;
CREATE TABLE `track_class_advisors` (
  `id` int(10) unsigned NOT NULL AUTO_INCREMENT,
  `year_id` int(10) unsigned NOT NULL,
  `class_level` varchar(20) NOT NULL,
  `class_room` int(11) NOT NULL,
  `teacher_user_id` int(10) unsigned NOT NULL,
  `created_at` timestamp NOT NULL DEFAULT current_timestamp(),
  `updated_at` timestamp NOT NULL DEFAULT current_timestamp() ON UPDATE current_timestamp(),
  PRIMARY KEY (`id`),
  UNIQUE KEY `uq_year_class` (`year_id`,`class_level`,`class_room`),
  KEY `idx_teacher` (`teacher_user_id`)
) ENGINE=InnoDB AUTO_INCREMENT=2 DEFAULT CHARSET=utf8mb4 COLLATE=utf8mb4_general_ci;

-- ----------------------------
-- Records of `track_class_advisors`
-- ----------------------------

-- ----------------------------
-- Table structure for `track_class_sessions`
-- ----------------------------
DROP TABLE IF EXISTS `track_class_sessions`;
CREATE TABLE `track_class_sessions` (
  `id` bigint(20) unsigned NOT NULL AUTO_INCREMENT,
  `year_id` int(10) unsigned NOT NULL,
  `subject_id` int(10) unsigned NOT NULL,
  `session_date` date NOT NULL,
  `note` varchar(255) NOT NULL DEFAULT '',
  `created_at` timestamp NOT NULL DEFAULT current_timestamp(),
  `updated_at` timestamp NULL DEFAULT NULL ON UPDATE current_timestamp(),
  PRIMARY KEY (`id`),
  KEY `idx_track_class_year_date` (`year_id`,`session_date`),
  KEY `idx_track_class_subject_date` (`subject_id`,`session_date`)
) ENGINE=InnoDB AUTO_INCREMENT=3 DEFAULT CHARSET=utf8mb4 COLLATE=utf8mb4_general_ci;

-- ----------------------------
-- Records of `track_class_sessions`
-- ----------------------------
INSERT INTO `track_class_sessions` (`id`, `year_id`, `subject_id`, `session_date`, `note`, `created_at`, `updated_at`) VALUES
(1, 3, 2, '2026-04-05', '', '2026-04-05 14:54:40', NULL),
(2, 3, 1, '2026-04-11', '', '2026-04-07 09:15:18', '2026-04-07 09:20:44');

-- ----------------------------
-- Table structure for `track_class_students`
-- ----------------------------
DROP TABLE IF EXISTS `track_class_students`;
CREATE TABLE `track_class_students` (
  `session_id` bigint(20) unsigned NOT NULL,
  `student_code` varchar(20) NOT NULL,
  `attend_status` tinyint(4) DEFAULT NULL,
  `result_status` varchar(10) NOT NULL DEFAULT 'pending',
  `checked_at` timestamp NULL DEFAULT NULL,
  PRIMARY KEY (`session_id`,`student_code`),
  KEY `idx_track_class_student` (`student_code`)
) ENGINE=InnoDB DEFAULT CHARSET=utf8mb4 COLLATE=utf8mb4_general_ci;

-- ----------------------------
-- Records of `track_class_students`
-- ----------------------------
INSERT INTO `track_class_students` (`session_id`, `student_code`, `attend_status`, `result_status`, `checked_at`) VALUES
(1, '3167', 1, 'pass', '2026-04-07 08:47:38'),
(1, '3168', 1, 'pending', '2026-04-07 08:47:38'),
(1, '3174', NULL, 'pending', '2026-04-07 08:47:38'),
(1, '3180', 1, 'pass', '2026-04-07 08:47:38'),
(1, '3580', NULL, 'pending', '2026-04-07 08:47:38'),
(2, '3167', NULL, 'pending', NULL),
(2, '3168', NULL, 'pending', NULL),
(2, '3174', NULL, 'pending', NULL),
(2, '3180', NULL, 'pending', NULL),
(2, '3196', NULL, 'pending', NULL),
(2, '3201', NULL, 'pending', NULL),
(2, '3207', NULL, 'pending', NULL),
(2, '3215', NULL, 'pending', NULL),
(2, '3580', NULL, 'pending', NULL),
(2, '3587', NULL, 'pending', NULL),
(2, '4051', NULL, 'pending', NULL),
(2, '4519', NULL, 'pending', NULL),
(2, '4527', NULL, 'pending', NULL),
(2, '4528', NULL, 'pending', NULL),
(2, '4545', NULL, 'pending', NULL),
(2, '4974', NULL, 'pending', NULL),
(2, '4977', NULL, 'pending', NULL),
(2, '6137', NULL, 'pending', NULL),
(2, '6138', NULL, 'pending', NULL),
(2, '6597', NULL, 'pending', NULL),
(2, '6604', NULL, 'pending', NULL),
(2, '6607', NULL, 'pending', NULL),
(2, '6615', NULL, 'pending', NULL),
(2, '6620', NULL, 'pending', NULL);

-- ----------------------------
-- Table structure for `track_registrations`
-- ----------------------------
DROP TABLE IF EXISTS `track_registrations`;
CREATE TABLE `track_registrations` (
  `id` bigint(20) unsigned NOT NULL AUTO_INCREMENT,
  `year_id` int(10) unsigned NOT NULL,
  `student_code` varchar(20) NOT NULL,
  `subject_id` int(10) unsigned NOT NULL,
  `created_at` timestamp NOT NULL DEFAULT current_timestamp(),
  PRIMARY KEY (`id`),
  UNIQUE KEY `uq_track_reg` (`year_id`,`student_code`,`subject_id`),
  KEY `idx_track_reg_year_subject` (`year_id`,`subject_id`),
  KEY `idx_track_reg_year_student` (`year_id`,`student_code`)
) ENGINE=InnoDB AUTO_INCREMENT=318 DEFAULT CHARSET=utf8mb4 COLLATE=utf8mb4_general_ci;

-- ----------------------------
-- Records of `track_registrations`
-- ----------------------------
INSERT INTO `track_registrations` (`id`, `year_id`, `student_code`, `subject_id`, `created_at`) VALUES
(9, 1, '3167', 2, '2026-02-04 09:48:08'),
(11, 1, '3167', 1, '2026-02-04 09:56:58'),
(12, 1, '3168', 1, '2026-02-04 09:56:58'),
(13, 1, '3174', 1, '2026-02-04 09:56:58'),
(14, 1, '3180', 1, '2026-02-04 09:56:58'),
(15, 1, '3580', 1, '2026-02-04 09:56:58'),
(16, 1, '4051', 1, '2026-02-04 09:56:58'),
(17, 1, '4519', 1, '2026-02-04 09:56:58'),
(18, 1, '4527', 1, '2026-02-04 09:56:58'),
(19, 1, '4528', 1, '2026-02-04 09:56:58'),
(20, 1, '4974', 1, '2026-02-04 09:56:58'),
(21, 1, '4977', 1, '2026-02-04 09:56:58'),
(22, 1, '6137', 1, '2026-02-04 09:56:58'),
(23, 1, '6138', 1, '2026-02-04 09:56:58'),
(24, 1, '6597', 1, '2026-02-04 09:56:58'),
(25, 1, '6604', 1, '2026-02-04 09:56:58'),
(26, 1, '6607', 1, '2026-02-04 09:56:58'),
(27, 1, '6615', 1, '2026-02-04 09:56:58'),
(28, 1, '6620', 1, '2026-02-04 09:56:58'),
(29, 1, '3196', 1, '2026-02-04 09:56:58'),
(30, 1, '3201', 1, '2026-02-04 09:56:58'),
(31, 1, '3207', 1, '2026-02-04 09:56:58'),
(32, 1, '3215', 1, '2026-02-04 09:56:58'),
(33, 1, '4545', 1, '2026-02-04 09:56:58'),
(34, 1, '4978', 1, '2026-02-04 09:56:58'),
(35, 1, '5392', 1, '2026-02-04 09:56:58'),
(36, 1, '6630', 1, '2026-02-04 09:56:58'),
(37, 1, '6640', 1, '2026-02-04 09:56:58'),
(38, 1, '7085', 1, '2026-02-04 09:56:58'),
(39, 1, '3164', 1, '2026-02-04 09:56:58'),
(40, 1, '3166', 1, '2026-02-04 09:56:58'),
(41, 1, '3175', 1, '2026-02-04 09:56:58'),
(42, 1, '3178', 1, '2026-02-04 09:56:58'),
(43, 1, '3579', 1, '2026-02-04 09:56:58'),
(44, 1, '4511', 1, '2026-02-04 09:56:58'),
(45, 1, '4520', 1, '2026-02-04 09:56:58'),
(46, 1, '4536', 1, '2026-02-04 09:56:58'),
(47, 1, '4540', 1, '2026-02-04 09:56:58'),
(48, 1, '4725', 1, '2026-02-04 09:56:58'),
(49, 1, '5768', 1, '2026-02-04 09:56:58'),
(50, 1, '5777', 1, '2026-02-04 09:56:58'),
(51, 1, '6341', 1, '2026-02-04 09:56:58'),
(52, 1, '6435', 1, '2026-02-04 09:56:58'),
(53, 1, '6591', 1, '2026-02-04 09:56:58'),
(54, 1, '6598', 1, '2026-02-04 09:56:58'),
(55, 1, '6608', 1, '2026-02-04 09:56:58'),
(56, 1, '6812', 1, '2026-02-04 09:56:58'),
(57, 1, '3204', 1, '2026-02-04 09:56:58'),
(58, 1, '3587', 1, '2026-02-04 09:56:58'),
(59, 1, '4981', 1, '2026-02-04 09:56:58'),
(60, 1, '5203', 1, '2026-02-04 09:56:58'),
(61, 1, '6144', 1, '2026-02-04 09:56:58'),
(62, 1, '6438', 1, '2026-02-04 09:56:58'),
(63, 1, '6635', 1, '2026-02-04 09:56:58'),
(64, 1, '6645', 1, '2026-02-04 09:56:58'),
(65, 1, '7336', 1, '2026-02-04 09:56:58'),
(66, 1, '7338', 1, '2026-02-04 09:56:58'),
(67, 1, '7340', 1, '2026-02-04 09:56:58'),
(68, 1, '7418', 1, '2026-02-04 09:56:58'),
(69, 1, '7558', 1, '2026-02-04 09:56:58'),
(70, 1, '3163', 1, '2026-02-04 09:56:58'),
(71, 1, '3577', 1, '2026-02-04 09:56:58'),
(72, 1, '4513', 1, '2026-02-04 09:56:58'),
(73, 1, '4526', 1, '2026-02-04 09:56:58'),
(74, 1, '4529', 1, '2026-02-04 09:56:58'),
(75, 1, '4532', 1, '2026-02-04 09:56:58'),
(76, 1, '4534', 1, '2026-02-04 09:56:58'),
(77, 1, '4535', 1, '2026-02-04 09:56:58'),
(78, 1, '4542', 1, '2026-02-04 09:56:58'),
(79, 1, '5391', 1, '2026-02-04 09:56:58'),
(80, 1, '6142', 1, '2026-02-04 09:56:58'),
(81, 1, '6594', 1, '2026-02-04 09:56:58'),
(82, 1, '6601', 1, '2026-02-04 09:56:58'),
(83, 1, '6622', 1, '2026-02-04 09:56:58'),
(84, 1, '7332', 1, '2026-02-04 09:56:58'),
(85, 1, '7557', 1, '2026-02-04 09:56:58'),
(86, 1, '3190', 1, '2026-02-04 09:56:58'),
(87, 1, '3212', 1, '2026-02-04 09:56:58'),
(88, 1, '4559', 1, '2026-02-04 09:56:58'),
(89, 1, '5202', 1, '2026-02-04 09:56:58'),
(90, 1, '5771', 1, '2026-02-04 09:56:58'),
(91, 1, '6437', 1, '2026-02-04 09:56:58'),
(92, 1, '6632', 1, '2026-02-04 09:56:58'),
(93, 1, '6634', 1, '2026-02-04 09:56:58'),
(94, 1, '6637', 1, '2026-02-04 09:56:58'),
(95, 1, '6638', 1, '2026-02-04 09:56:58'),
(96, 1, '6639', 1, '2026-02-04 09:56:58'),
(97, 1, '6641', 1, '2026-02-04 09:56:58'),
(98, 1, '7083', 1, '2026-02-04 09:56:58'),
(99, 1, '7341', 1, '2026-02-04 09:56:58'),
(100, 1, '3157', 1, '2026-02-04 09:56:58'),
(101, 1, '3165', 1, '2026-02-04 09:56:58'),
(102, 1, '3173', 1, '2026-02-04 09:56:58'),
(103, 1, '3176', 1, '2026-02-04 09:56:58'),
(104, 1, '3711', 1, '2026-02-04 09:56:58'),
(105, 1, '4198', 1, '2026-02-04 09:56:58'),
(106, 1, '4518', 1, '2026-02-04 09:56:58'),
(107, 1, '5150', 1, '2026-02-04 09:56:58'),
(108, 1, '5944', 1, '2026-02-04 09:56:58'),
(109, 1, '6140', 1, '2026-02-04 09:56:58'),
(110, 1, '6592', 1, '2026-02-04 09:56:58'),
(111, 1, '6595', 1, '2026-02-04 09:56:58'),
(112, 1, '6611', 1, '2026-02-04 09:56:58'),
(113, 1, '6613', 1, '2026-02-04 09:56:58'),
(114, 1, '6621', 1, '2026-02-04 09:56:58'),
(115, 1, '6624', 1, '2026-02-04 09:56:58'),
(116, 1, '7333', 1, '2026-02-04 09:56:58'),
(117, 1, '7417', 1, '2026-02-04 09:56:58'),
(118, 1, '3187', 1, '2026-02-04 09:56:58'),
(119, 1, '3195', 1, '2026-02-04 09:56:58'),
(120, 1, '4054', 1, '2026-02-04 09:56:58'),
(121, 1, '4056', 1, '2026-02-04 09:56:58'),
(122, 1, '4057', 1, '2026-02-04 09:56:58'),
(123, 1, '4059', 1, '2026-02-04 09:56:58'),
(124, 1, '4555', 1, '2026-02-04 09:56:58'),
(125, 1, '5770', 1, '2026-02-04 09:56:58'),
(126, 1, '6293', 1, '2026-02-04 09:56:58'),
(127, 1, '6644', 1, '2026-02-04 09:56:58'),
(128, 1, '6811', 1, '2026-02-04 09:56:58'),
(129, 1, '7339', 1, '2026-02-04 09:56:58'),
(130, 1, '2809', 1, '2026-02-04 09:56:58'),
(131, 1, '2812', 1, '2026-02-04 09:56:58'),
(132, 1, '3146', 1, '2026-02-04 09:56:58'),
(133, 1, '3568', 1, '2026-02-04 09:56:58'),
(134, 1, '4004', 1, '2026-02-04 09:56:58'),
(135, 1, '4006', 1, '2026-02-04 09:56:58'),
(136, 1, '4008', 1, '2026-02-04 09:56:58'),
(137, 1, '4009', 1, '2026-02-04 09:56:58'),
(138, 1, '4964', 1, '2026-02-04 09:56:58'),
(139, 1, '4969', 1, '2026-02-04 09:56:58'),
(140, 1, '5571', 1, '2026-02-04 09:56:58'),
(141, 1, '5765', 1, '2026-02-04 09:56:58'),
(142, 1, '6365', 1, '2026-02-04 09:56:58'),
(143, 1, '6370', 1, '2026-02-04 09:56:58'),
(144, 1, '6372', 1, '2026-02-04 09:56:58'),
(145, 1, '6373', 1, '2026-02-04 09:56:58'),
(146, 1, '6377', 1, '2026-02-04 09:56:58'),
(147, 1, '6379', 1, '2026-02-04 09:56:58'),
(148, 1, '4031', 1, '2026-02-04 09:56:58'),
(149, 1, '4043', 1, '2026-02-04 09:56:58'),
(150, 1, '4047', 1, '2026-02-04 09:56:58'),
(151, 1, '4509', 1, '2026-02-04 09:56:58'),
(152, 1, '4972', 1, '2026-02-04 09:56:58'),
(153, 1, '6390', 1, '2026-02-04 09:56:58'),
(154, 1, '6393', 1, '2026-02-04 09:56:58'),
(155, 1, '6398', 1, '2026-02-04 09:56:58'),
(156, 1, '6414', 1, '2026-02-04 09:56:58'),
(157, 1, '6416', 1, '2026-02-04 09:56:58'),
(158, 1, '6420', 1, '2026-02-04 09:56:58'),
(159, 1, '7081', 1, '2026-02-04 09:56:58'),
(160, 1, '2805', 1, '2026-02-04 09:56:58'),
(161, 1, '2806', 1, '2026-02-04 09:56:58'),
(162, 1, '2813', 1, '2026-02-04 09:56:58'),
(163, 1, '2820', 1, '2026-02-04 09:56:58'),
(164, 1, '3569', 1, '2026-02-04 09:56:58'),
(165, 1, '4002', 1, '2026-02-04 09:56:58'),
(166, 1, '4018', 1, '2026-02-04 09:56:58'),
(167, 1, '4502', 1, '2026-02-04 09:56:58'),
(168, 1, '6356', 1, '2026-02-04 09:56:58'),
(169, 1, '6362', 1, '2026-02-04 09:56:58'),
(170, 1, '6364', 1, '2026-02-04 09:56:58'),
(171, 1, '6376', 1, '2026-02-04 09:56:58'),
(172, 1, '6378', 1, '2026-02-04 09:56:58'),
(173, 1, '6380', 1, '2026-02-04 09:56:58'),
(174, 1, '6383', 1, '2026-02-04 09:56:58'),
(175, 1, '2833', 1, '2026-02-04 09:56:58'),
(176, 1, '2835', 1, '2026-02-04 09:56:58'),
(177, 1, '2840', 1, '2026-02-04 09:56:58'),
(178, 1, '4042', 1, '2026-02-04 09:56:58'),
(179, 1, '4970', 1, '2026-02-04 09:56:58'),
(180, 1, '5767', 1, '2026-02-04 09:56:58'),
(181, 1, '6397', 1, '2026-02-04 09:56:58'),
(182, 1, '6401', 1, '2026-02-04 09:56:58'),
(183, 1, '6405', 1, '2026-02-04 09:56:58'),
(184, 1, '6407', 1, '2026-02-04 09:56:58'),
(185, 1, '6415', 1, '2026-02-04 09:56:58'),
(186, 1, '6428', 1, '2026-02-04 09:56:58'),
(187, 1, '6431', 1, '2026-02-04 09:56:58'),
(188, 1, '6433', 1, '2026-02-04 09:56:58'),
(189, 1, '6579', 1, '2026-02-04 09:56:58'),
(190, 1, '2814', 1, '2026-02-04 09:56:58'),
(191, 1, '2816', 1, '2026-02-04 09:56:58'),
(192, 1, '4007', 1, '2026-02-04 09:56:58'),
(193, 1, '4182', 1, '2026-02-04 09:56:58'),
(194, 1, '4499', 1, '2026-02-04 09:56:58'),
(195, 1, '4503', 1, '2026-02-04 09:56:58'),
(196, 1, '4960', 1, '2026-02-04 09:56:58'),
(197, 1, '5749', 1, '2026-02-04 09:56:58'),
(198, 1, '5756', 1, '2026-02-04 09:56:58'),
(199, 1, '6135', 1, '2026-02-04 09:56:58'),
(200, 1, '6351', 1, '2026-02-04 09:56:58'),
(201, 1, '6357', 1, '2026-02-04 09:56:58'),
(202, 1, '6371', 1, '2026-02-04 09:56:58'),
(203, 1, '6375', 1, '2026-02-04 09:56:58'),
(204, 1, '7079', 1, '2026-02-04 09:56:58'),
(205, 1, '2847', 1, '2026-02-04 09:56:58'),
(206, 1, '3151', 1, '2026-02-04 09:56:58'),
(207, 1, '3154', 1, '2026-02-04 09:56:58'),
(208, 1, '5573', 1, '2026-02-04 09:56:58'),
(209, 1, '6336', 1, '2026-02-04 09:56:58');
INSERT INTO `track_registrations` (`id`, `year_id`, `student_code`, `subject_id`, `created_at`) VALUES
(210, 1, '6391', 1, '2026-02-04 09:56:58'),
(211, 1, '6392', 1, '2026-02-04 09:56:58'),
(212, 1, '6408', 1, '2026-02-04 09:56:58'),
(213, 1, '6410', 1, '2026-02-04 09:56:58'),
(214, 1, '6426', 1, '2026-02-04 09:56:58'),
(215, 1, '6429', 1, '2026-02-04 09:56:58'),
(216, 1, '6432', 1, '2026-02-04 09:56:58'),
(217, 1, '6576', 1, '2026-02-04 09:56:58'),
(218, 1, '7313', 1, '2026-02-04 09:56:58'),
(219, 1, '2807', 1, '2026-02-04 09:56:58'),
(220, 1, '2822', 1, '2026-02-04 09:56:58'),
(221, 1, '4000', 1, '2026-02-04 09:56:58'),
(222, 1, '4001', 1, '2026-02-04 09:56:58'),
(223, 1, '4027', 1, '2026-02-04 09:56:58'),
(224, 1, '4028', 1, '2026-02-04 09:56:58'),
(225, 1, '4029', 1, '2026-02-04 09:56:58'),
(226, 1, '4496', 1, '2026-02-04 09:56:58'),
(227, 1, '4497', 1, '2026-02-04 09:56:58'),
(228, 1, '5385', 1, '2026-02-04 09:56:58'),
(229, 1, '5750', 1, '2026-02-04 09:56:58'),
(230, 1, '6342', 1, '2026-02-04 09:56:58'),
(231, 1, '6344', 1, '2026-02-04 09:56:58'),
(232, 1, '6349', 1, '2026-02-04 09:56:58'),
(233, 1, '6355', 1, '2026-02-04 09:56:58'),
(234, 1, '6360', 1, '2026-02-04 09:56:58'),
(235, 1, '2831', 1, '2026-02-04 09:56:58'),
(236, 1, '2844', 1, '2026-02-04 09:56:58'),
(237, 1, '4037', 1, '2026-02-04 09:56:58'),
(238, 1, '5751', 1, '2026-02-04 09:56:58'),
(239, 1, '5762', 1, '2026-02-04 09:56:58'),
(240, 1, '5983', 1, '2026-02-04 09:56:58'),
(241, 1, '6337', 1, '2026-02-04 09:56:58'),
(242, 1, '6388', 1, '2026-02-04 09:56:58'),
(243, 1, '6389', 1, '2026-02-04 09:56:58'),
(244, 1, '6403', 1, '2026-02-04 09:56:58'),
(245, 1, '6409', 1, '2026-02-04 09:56:58'),
(246, 1, '6412', 1, '2026-02-04 09:56:58'),
(247, 1, '6417', 1, '2026-02-04 09:56:58'),
(248, 1, '6419', 1, '2026-02-04 09:56:58'),
(249, 1, '7080', 1, '2026-02-04 09:56:58'),
(250, 1, '2522', 1, '2026-02-04 09:56:58'),
(251, 1, '3136', 1, '2026-02-04 09:56:58'),
(252, 1, '3522', 1, '2026-02-04 09:56:58'),
(253, 1, '3530', 1, '2026-02-04 09:56:58'),
(254, 1, '4945', 1, '2026-02-04 09:56:58'),
(255, 1, '4948', 1, '2026-02-04 09:56:58'),
(256, 1, '5377', 1, '2026-02-04 09:56:58'),
(257, 1, '6026', 1, '2026-02-04 09:56:58'),
(258, 1, '6032', 1, '2026-02-04 09:56:58'),
(259, 1, '6044', 1, '2026-02-04 09:56:58'),
(260, 1, '6046', 1, '2026-02-04 09:56:58'),
(261, 1, '6065', 1, '2026-02-04 09:56:58'),
(262, 1, '6071', 1, '2026-02-04 09:56:58'),
(263, 1, '6319', 1, '2026-02-04 09:56:58'),
(264, 1, '2535', 1, '2026-02-04 09:56:58'),
(265, 1, '2540', 1, '2026-02-04 09:56:58'),
(266, 1, '2548', 1, '2026-02-04 09:56:58'),
(267, 1, '2553', 1, '2026-02-04 09:56:58'),
(268, 1, '3229', 1, '2026-02-04 09:56:58'),
(269, 1, '3547', 1, '2026-02-04 09:56:58'),
(270, 1, '3553', 1, '2026-02-04 09:56:58'),
(271, 1, '3561', 1, '2026-02-04 09:56:58'),
(272, 1, '3990', 1, '2026-02-04 09:56:58'),
(273, 1, '3993', 1, '2026-02-04 09:56:58'),
(274, 1, '3994', 1, '2026-02-04 09:56:58'),
(275, 1, '4487', 1, '2026-02-04 09:56:58'),
(276, 1, '4951', 1, '2026-02-04 09:56:58'),
(277, 1, '4956', 1, '2026-02-04 09:56:58'),
(278, 1, '5630', 1, '2026-02-04 09:56:58'),
(279, 1, '6077', 1, '2026-02-04 09:56:58'),
(280, 1, '6084', 1, '2026-02-04 09:56:58'),
(281, 1, '6085', 1, '2026-02-04 09:56:58'),
(282, 1, '6092', 1, '2026-02-04 09:56:58'),
(283, 1, '6104', 1, '2026-02-04 09:56:58'),
(284, 1, '6116', 1, '2026-02-04 09:56:58'),
(285, 1, '6128', 1, '2026-02-04 09:56:58'),
(286, 1, '2499', 1, '2026-02-04 09:56:58'),
(287, 1, '2507', 1, '2026-02-04 09:56:58'),
(288, 1, '2523', 1, '2026-02-04 09:56:58'),
(289, 1, '2530', 1, '2026-02-04 09:56:58'),
(290, 1, '2573', 1, '2026-02-04 09:56:58'),
(291, 1, '3137', 1, '2026-02-04 09:56:58'),
(292, 1, '3523', 1, '2026-02-04 09:56:58'),
(293, 1, '3525', 1, '2026-02-04 09:56:58'),
(294, 1, '3987', 1, '2026-02-04 09:56:58'),
(295, 1, '3989', 1, '2026-02-04 09:56:58'),
(296, 1, '4484', 1, '2026-02-04 09:56:58'),
(297, 1, '5747', 1, '2026-02-04 09:56:58'),
(298, 1, '6022', 1, '2026-02-04 09:56:58'),
(299, 1, '6023', 1, '2026-02-04 09:56:58'),
(300, 1, '6025', 1, '2026-02-04 09:56:58'),
(301, 1, '6048', 1, '2026-02-04 09:56:58'),
(302, 1, '6050', 1, '2026-02-04 09:56:58'),
(303, 1, '6052', 1, '2026-02-04 09:56:58'),
(304, 1, '6055', 1, '2026-02-04 09:56:58'),
(305, 1, '6058', 1, '2026-02-04 09:56:58'),
(306, 1, '2539', 1, '2026-02-04 09:56:58'),
(307, 1, '2544', 1, '2026-02-04 09:56:58'),
(308, 1, '2547', 1, '2026-02-04 09:56:58'),
(309, 1, '2556', 1, '2026-02-04 09:56:58'),
(310, 1, '2797', 1, '2026-02-04 09:56:58'),
(311, 3, '3167', 2, '2026-04-05 14:58:13'),
(314, 3, '3174', 2, '2026-04-07 08:44:09'),
(317, 3, '3180', 2, '2026-04-07 08:47:38');

-- ----------------------------
-- Table structure for `track_subjects`
-- ----------------------------
DROP TABLE IF EXISTS `track_subjects`;
CREATE TABLE `track_subjects` (
  `id` int(10) unsigned NOT NULL AUTO_INCREMENT,
  `title` varchar(150) NOT NULL,
  `description` text DEFAULT NULL,
  `is_active` tinyint(1) NOT NULL DEFAULT 1,
  `created_at` timestamp NOT NULL DEFAULT current_timestamp(),
  `updated_at` timestamp NULL DEFAULT NULL ON UPDATE current_timestamp(),
  PRIMARY KEY (`id`),
  UNIQUE KEY `uq_track_subjects_title` (`title`)
) ENGINE=InnoDB AUTO_INCREMENT=3 DEFAULT CHARSET=utf8mb4 COLLATE=utf8mb4_general_ci;

-- ----------------------------
-- Records of `track_subjects`
-- ----------------------------
INSERT INTO `track_subjects` (`id`, `title`, `description`, `is_active`, `created_at`, `updated_at`) VALUES
(1, 'ÓĖüÓĖ▓ÓĖŻÓĖ×ÓĖ▒ÓĖÆÓĖÖÓĖ▓Ó╣éÓĖøÓĖŻÓ╣üÓĖüÓĖŻÓĖĪÓĖöÓ╣ēÓĖ¦ÓĖó Python', NULL, 1, '2026-02-04 09:16:54', NULL),
(2, 'Arduino ÓĖéÓĖ▒Ó╣ēÓĖÖÓĖ×ÓĖĘÓ╣ēÓĖÖÓĖÉÓĖ▓ÓĖÖ', NULL, 1, '2026-02-04 09:17:15', NULL);

-- ----------------------------
-- Table structure for `users`
-- ----------------------------
DROP TABLE IF EXISTS `users`;
CREATE TABLE `users` (
  `id` int(10) unsigned NOT NULL AUTO_INCREMENT,
  `username` varchar(50) NOT NULL,
  `password_hash` varchar(255) NOT NULL,
  `displayname` varchar(100) NOT NULL,
  `created_at` timestamp NOT NULL DEFAULT current_timestamp(),
  `role` varchar(20) NOT NULL DEFAULT 'teacher',
  PRIMARY KEY (`id`),
  UNIQUE KEY `uq_users_username` (`username`)
) ENGINE=InnoDB AUTO_INCREMENT=4 DEFAULT CHARSET=utf8mb4 COLLATE=utf8mb4_general_ci;

-- ----------------------------
-- Records of `users`
-- ----------------------------
INSERT INTO `users` (`id`, `username`, `password_hash`, `displayname`, `created_at`, `role`) VALUES
(1, 'admin', '$2y$10$E5eR4P93bOQdfCEM83X2a.d/M75efmbgZpLSSARrFXEl/Pa43ePHW', 'admin', '2026-02-04 09:03:57', 'admin'),
(2, 't00241', '$2y$10$v7NJzZt94ZnEVW0gfT8fEe3mbpFFqv3JFdPszNs4BOhrTda0skpZu', 'ÓĖśÓĖÖÓĖ▓ ÓĖÜÓĖĖÓĖŹÓĖŖÓĖ╣', '2026-04-07 08:37:01', 'teacher'),
(3, '3167', '$2y$10$1MLz6Xm.7HEy5SSckJwk/O4oUkzDtP0WcxJ9ALpsW5JPjTtY9e96y', 'ÓĖśÓĖÖÓĖ┤ÓĖü ÓĖäÓĖĪ', '2026-04-07 11:34:53', 'student');

SET FOREIGN_KEY_CHECKS=1;
